Row,SVR(Ensemble),SVR(Linear),SVR(RBF),MLSSVR(Group1),MLSSVR(Group2)
Micro Ra,0.84911,0.7448,0.39074,0.84756,0.95027
Micro Rz,0.94573,0.92907,0.61014,0.93115,0.96447
Macro Ra,0.44814,0.18469,0.41394,0.5006,0.29817
Macro Rz,0.61146,0.43038,0.56986,0.61837,0.44881
